

INSERT INTO models (model_number, encoder_class_name) VALUES ('MeterTron100','org.voltse.edge.edgeencoders.JsonEncoderImpl');

INSERT INTO models (model_number, encoder_class_name) VALUES ('HomeMeter100','org.voltse.edge.edgeencoders.TabEncoderImpl');

INSERT INTO utilities (util_id, util_name) VALUES (0,'Windpower, inc');

INSERT INTO utilities (util_id, util_name) VALUES (1,'Giant Hamster Wheel Power');

INSERT INTO network_segments (segment_id,max_message_bytes_per_second) VALUES (0,1024);

INSERT INTO network_segments (segment_id,max_message_bytes_per_second) VALUES (1,1024);

INSERT INTO network_segments (segment_id,max_message_bytes_per_second) VALUES (2,1024);

INSERT INTO network_segments (segment_id,max_message_bytes_per_second) VALUES (3,1024);

INSERT INTO network_segments (segment_id,max_message_bytes_per_second) VALUES (4,1024);

INSERT INTO network_segments (segment_id,max_message_bytes_per_second) VALUES (5,1024);

INSERT INTO network_segments (segment_id,max_message_bytes_per_second) VALUES (6,1024);

INSERT INTO network_segments (segment_id,max_message_bytes_per_second) VALUES (7,1024);

INSERT INTO network_segments (segment_id,max_message_bytes_per_second) VALUES (8,1024);

INSERT INTO network_segments (segment_id,max_message_bytes_per_second) VALUES (9,1024);


INSERT INTO locations (location_id,segment_id,location_name) VALUES (0,0,'Location 0');

INSERT INTO locations (location_id,segment_id,location_name) VALUES (1,1,'Location 1');

INSERT INTO locations (location_id,segment_id,location_name) VALUES (2,2,'Location 2');

INSERT INTO locations (location_id,segment_id,location_name) VALUES (3,3,'Location 3');

INSERT INTO locations (location_id,segment_id,location_name) VALUES (4,4,'Location 4');

INSERT INTO locations (location_id,segment_id,location_name) VALUES (5,5,'Location 5');

INSERT INTO locations (location_id,segment_id,location_name) VALUES (6,6,'Location 6');

INSERT INTO locations (location_id,segment_id,location_name) VALUES (7,7,'Location 7');

INSERT INTO locations (location_id,segment_id,location_name) VALUES (8,8,'Location 8');

INSERT INTO locations (location_id,segment_id,location_name) VALUES (9,9,'Location 9');

INSERT INTO locations (location_id,segment_id,location_name) VALUES (10,1,'Location 10');

INSERT INTO locations (location_id,segment_id,location_name) VALUES (11,1,'Location 11');

INSERT INTO locations (location_id,segment_id,location_name) VALUES (12,1,'Location 12');

INSERT INTO locations (location_id,segment_id,location_name) VALUES (13,1,'Location 13');

INSERT INTO locations (location_id,segment_id,location_name) VALUES (14,1,'Location 14');

INSERT INTO locations (location_id,segment_id,location_name) VALUES (15,1,'Location 15');





